time_s,current_A,heat_per_cell_W
0.0000,0.0000,0.0000
0.4502,3.3767,0.2280
0.9005,6.7534,0.9122
1.3507,10.1301,2.0524
1.8009,13.5068,3.6486
2.2511,15.0000,4.5000
2.7014,15.0000,4.5000
3.1516,15.0000,4.5000
3.6018,15.0000,4.5000
4.0520,15.0000,4.5000
4.5023,15.0000,4.5000
4.9525,15.0000,4.5000
5.4027,15.0000,4.5000
5.8529,15.0000,4.5000
6.3032,15.0000,4.5000
6.7534,15.0000,4.5000
7.2036,15.0000,4.5000
7.6538,15.0000,4.5000
8.1041,15.0000,4.5000
8.5543,15.0000,4.5000
9.0045,15.0000,4.5000
9.4547,15.0000,4.5000
9.9050,15.0000,4.5000
10.3552,15.0000,4.5000
10.8054,15.0000,4.5000
11.2556,15.0000,4.5000
11.7059,15.0000,4.5000
12.1561,15.0000,4.5000
12.6063,15.0000,4.5000
13.0565,15.0000,4.5000
13.5068,15.0000,4.5000
13.9570,15.0000,4.5000
14.4072,15.0000,4.5000
14.8574,15.0000,4.5000
15.3077,15.0000,4.5000
15.7579,15.0000,4.5000
16.2081,15.0000,4.5000
16.6583,15.0000,4.5000
17.1086,15.0000,4.5000
17.5588,15.0000,4.5000
18.0090,15.0000,4.5000
18.4592,15.0000,4.5000
18.9095,15.0000,4.5000
19.3597,15.0000,4.5000
19.8099,15.0000,4.5000
20.2601,15.0000,4.5000
20.7104,15.0000,4.5000
21.1606,15.0000,4.5000
21.6108,15.0000,4.5000
22.0610,15.0000,4.5000
22.5113,15.0000,4.5000
22.9615,15.0000,4.5000
23.4117,15.0000,4.5000
23.8619,15.0000,4.5000
24.3122,15.0000,4.5000
24.7624,15.0000,4.5000
25.2126,15.0000,4.5000
25.6628,15.0000,4.5000
26.1131,15.0000,4.5000
26.5633,15.0000,4.5000
27.0135,15.0000,4.5000
27.4637,15.0000,4.5000
27.9140,15.0000,4.5000
28.3642,15.0000,4.5000
28.8144,15.0000,4.5000
29.2646,15.0000,4.5000
29.7149,15.0000,4.5000
30.1651,15.0000,4.5000
30.6153,15.0000,4.5000
31.0655,15.0000,4.5000
31.5158,15.0000,4.5000
31.9660,15.0000,4.5000
32.4162,15.0000,4.5000
32.8664,15.0000,4.5000
33.3167,15.0000,4.5000
33.7669,15.0000,4.5000
34.2171,15.0000,4.5000
34.6673,15.0000,4.5000
35.1176,15.0000,4.5000
35.5678,15.0000,4.5000
36.0180,15.0000,4.5000
36.4682,15.0000,4.5000
36.9185,15.0000,4.5000
37.3687,15.0000,4.5000
37.8189,15.0000,4.5000
38.2691,15.0000,4.5000
38.7194,15.0000,4.5000
39.1696,15.0000,4.5000
39.6198,15.0000,4.5000
40.0700,15.0000,4.5000
40.5203,15.0000,4.5000
40.9705,15.0000,4.5000
41.4207,15.0000,4.5000
41.8709,15.0000,4.5000
42.3212,15.0000,4.5000
42.7714,15.0000,4.5000
43.2216,15.0000,4.5000
43.6718,15.0000,4.5000
44.1221,15.0000,4.5000
44.5723,15.0000,4.5000
45.0225,15.0000,4.5000
45.4727,15.0000,4.5000
45.9230,15.0000,4.5000
46.3732,15.0000,4.5000
46.8234,15.0000,4.5000
47.2736,15.0000,4.5000
47.7239,15.0000,4.5000
48.1741,15.0000,4.5000
48.6243,15.0000,4.5000
49.0745,15.0000,4.5000
49.5248,15.0000,4.5000
49.9750,15.0000,4.5000
50.4252,15.0000,4.5000
50.8754,15.0000,4.5000
51.3257,15.0000,4.5000
51.7759,15.0000,4.5000
52.2261,15.0000,4.5000
52.6763,15.0000,4.5000
53.1266,15.0000,4.5000
53.5768,15.0000,4.5000
54.0270,15.0000,4.5000
54.4772,15.0000,4.5000
54.9275,15.0000,4.5000
55.3777,15.0000,4.5000
55.8279,15.0000,4.5000
56.2781,15.0000,4.5000
56.7284,15.0000,4.5000
57.1786,15.0000,4.5000
57.6288,15.0000,4.5000
58.0790,15.0000,4.5000
58.5293,15.0000,4.5000
58.9795,15.0000,4.5000
59.4297,15.0000,4.5000
59.8799,15.0000,4.5000
60.3302,15.0000,4.5000
60.7804,15.0000,4.5000
61.2306,15.0000,4.5000
61.6808,15.0000,4.5000
62.1311,15.0000,4.5000
62.5813,15.0000,4.5000
63.0315,15.0000,4.5000
63.4817,15.0000,4.5000
63.9320,15.0000,4.5000
64.3822,15.0000,4.5000
64.8324,15.0000,4.5000
65.2826,15.0000,4.5000
65.7329,15.0000,4.5000
66.1831,15.0000,4.5000
66.6333,15.0000,4.5000
67.0835,15.0000,4.5000
67.5338,15.0000,4.5000
67.9840,15.0000,4.5000
68.4342,15.0000,4.5000
68.8844,15.0000,4.5000
69.3347,15.0000,4.5000
69.7849,15.0000,4.5000
70.2351,15.0000,4.5000
70.6853,15.0000,4.5000
71.1356,15.0000,4.5000
71.5858,15.0000,4.5000
72.0360,15.0000,4.5000
72.4862,15.0000,4.5000
72.9365,15.0000,4.5000
73.3867,15.0000,4.5000
73.8369,15.0000,4.5000
74.2871,15.0000,4.5000
74.7374,15.0000,4.5000
75.1876,15.0000,4.5000
75.6378,15.0000,4.5000
76.0880,15.0000,4.5000
76.5383,15.0000,4.5000
76.9885,15.0000,4.5000
77.4387,15.0000,4.5000
77.8889,15.0000,4.5000
78.3392,15.0000,4.5000
78.7894,15.0000,4.5000
79.2396,15.0000,4.5000
79.6898,15.0000,4.5000
80.1401,15.0000,4.5000
80.5903,15.0000,4.5000
81.0405,15.0000,4.5000
81.4907,15.0000,4.5000
81.9410,15.0000,4.5000
82.3912,15.0000,4.5000
82.8414,15.0000,4.5000
83.2916,15.0000,4.5000
83.7419,15.0000,4.5000
84.1921,15.0000,4.5000
84.6423,15.0000,4.5000
85.0925,15.0000,4.5000
85.5428,15.0000,4.5000
85.9930,15.0000,4.5000
86.4432,15.0000,4.5000
86.8934,15.0000,4.5000
87.3437,15.0000,4.5000
87.7939,15.0000,4.5000
88.2441,15.0000,4.5000
88.6943,15.0000,4.5000
89.1446,15.0000,4.5000
89.5948,15.0000,4.5000
90.0450,15.0000,4.5000
90.4952,15.0000,4.5000
90.9455,15.0000,4.5000
91.3957,15.0000,4.5000
91.8459,15.0000,4.5000
92.2961,15.0000,4.5000
92.7464,15.0000,4.5000
93.1966,15.0000,4.5000
93.6468,15.0000,4.5000
94.0970,15.0000,4.5000
94.5473,15.0000,4.5000
94.9975,15.0000,4.5000
95.4477,15.0000,4.5000
95.8979,15.0000,4.5000
96.3482,15.0000,4.5000
96.7984,15.0000,4.5000
97.2486,15.0000,4.5000
97.6988,15.0000,4.5000
98.1491,15.0000,4.5000
98.5993,15.0000,4.5000
99.0495,15.0000,4.5000
99.4997,15.0000,4.5000
99.9500,15.0000,4.5000
100.4002,15.0000,4.5000
100.8504,15.0000,4.5000
101.3007,15.0000,4.5000
101.7509,15.0000,4.5000
102.2011,15.0000,4.5000
102.6513,15.0000,4.5000
103.1016,15.0000,4.5000
103.5518,15.0000,4.5000
104.0020,15.0000,4.5000
104.4522,15.0000,4.5000
104.9025,15.0000,4.5000
105.3527,15.0000,4.5000
105.8029,15.0000,4.5000
106.2531,15.0000,4.5000
106.7034,15.0000,4.5000
107.1536,15.0000,4.5000
107.6038,15.0000,4.5000
108.0540,15.0000,4.5000
108.5043,15.0000,4.5000
108.9545,15.0000,4.5000
109.4047,15.0000,4.5000
109.8549,15.0000,4.5000
110.3052,15.0000,4.5000
110.7554,15.0000,4.5000
111.2056,15.0000,4.5000
111.6558,15.0000,4.5000
112.1061,15.0000,4.5000
112.5563,15.0000,4.5000
113.0065,15.0000,4.5000
113.4567,15.0000,4.5000
113.9070,15.0000,4.5000
114.3572,15.0000,4.5000
114.8074,15.0000,4.5000
115.2576,15.0000,4.5000
115.7079,15.0000,4.5000
116.1581,15.0000,4.5000
116.6083,15.0000,4.5000
117.0585,15.0000,4.5000
117.5088,15.0000,4.5000
117.9590,15.0000,4.5000
118.4092,15.0000,4.5000
118.8594,15.0000,4.5000
119.3097,15.0000,4.5000
119.7599,15.0000,4.5000
120.2101,15.0000,4.5000
120.6603,15.0000,4.5000
121.1106,15.0000,4.5000
121.5608,15.0000,4.5000
122.0110,15.0000,4.5000
122.4612,15.0000,4.5000
122.9115,15.0000,4.5000
123.3617,15.0000,4.5000
123.8119,15.0000,4.5000
124.2621,15.0000,4.5000
124.7124,15.0000,4.5000
125.1626,15.0000,4.5000
125.6128,15.0000,4.5000
126.0630,15.0000,4.5000
126.5133,15.0000,4.5000
126.9635,15.0000,4.5000
127.4137,15.0000,4.5000
127.8639,15.0000,4.5000
128.3142,15.0000,4.5000
128.7644,15.0000,4.5000
129.2146,15.0000,4.5000
129.6648,15.0000,4.5000
130.1151,15.0000,4.5000
130.5653,15.0000,4.5000
131.0155,15.0000,4.5000
131.4657,15.0000,4.5000
131.9160,15.0000,4.5000
132.3662,15.0000,4.5000
132.8164,15.0000,4.5000
133.2666,15.0000,4.5000
133.7169,15.0000,4.5000
134.1671,15.0000,4.5000
134.6173,15.0000,4.5000
135.0675,15.0000,4.5000
135.5178,15.0000,4.5000
135.9680,15.0000,4.5000
136.4182,15.0000,4.5000
136.8684,15.0000,4.5000
137.3187,15.0000,4.5000
137.7689,15.0000,4.5000
138.2191,15.0000,4.5000
138.6693,15.0000,4.5000
139.1196,15.0000,4.5000
139.5698,15.0000,4.5000
140.0200,15.0000,4.5000
140.4702,15.0000,4.5000
140.9205,15.0000,4.5000
141.3707,15.0000,4.5000
141.8209,15.0000,4.5000
142.2711,15.0000,4.5000
142.7214,15.0000,4.5000
143.1716,15.0000,4.5000
143.6218,15.0000,4.5000
144.0720,15.0000,4.5000
144.5223,15.0000,4.5000
144.9725,15.0000,4.5000
145.4227,15.0000,4.5000
145.8729,15.0000,4.5000
146.3232,15.0000,4.5000
146.7734,15.0000,4.5000
147.2236,15.0000,4.5000
147.6738,15.0000,4.5000
148.1241,15.0000,4.5000
148.5743,15.0000,4.5000
149.0245,15.0000,4.5000
149.4747,15.0000,4.5000
149.9250,15.0000,4.5000
150.3752,15.0000,4.5000
150.8254,15.0000,4.5000
151.2756,15.0000,4.5000
151.7259,15.0000,4.5000
152.1761,15.0000,4.5000
152.6263,15.0000,4.5000
153.0765,15.0000,4.5000
153.5268,15.0000,4.5000
153.9770,15.0000,4.5000
154.4272,15.0000,4.5000
154.8774,15.0000,4.5000
155.3277,15.0000,4.5000
155.7779,15.0000,4.5000
156.2281,15.0000,4.5000
156.6783,15.0000,4.5000
157.1286,15.0000,4.5000
157.5788,15.0000,4.5000
158.0290,15.0000,4.5000
158.4792,15.0000,4.5000
158.9295,15.0000,4.5000
159.3797,15.0000,4.5000
159.8299,15.0000,4.5000
160.2801,15.0000,4.5000
160.7304,15.0000,4.5000
161.1806,15.0000,4.5000
161.6308,15.0000,4.5000
162.0810,15.0000,4.5000
162.5313,15.0000,4.5000
162.9815,15.0000,4.5000
163.4317,15.0000,4.5000
163.8819,15.0000,4.5000
164.3322,15.0000,4.5000
164.7824,15.0000,4.5000
165.2326,15.0000,4.5000
165.6828,15.0000,4.5000
166.1331,15.0000,4.5000
166.5833,15.0000,4.5000
167.0335,15.0000,4.5000
167.4837,15.0000,4.5000
167.9340,15.0000,4.5000
168.3842,15.0000,4.5000
168.8344,15.0000,4.5000
169.2846,15.0000,4.5000
169.7349,15.0000,4.5000
170.1851,15.0000,4.5000
170.6353,15.0000,4.5000
171.0855,15.0000,4.5000
171.5358,15.0000,4.5000
171.9860,15.0000,4.5000
172.4362,15.0000,4.5000
172.8864,15.0000,4.5000
173.3367,15.0000,4.5000
173.7869,15.0000,4.5000
174.2371,15.0000,4.5000
174.6873,15.0000,4.5000
175.1376,15.0000,4.5000
175.5878,15.0000,4.5000
176.0380,15.0000,4.5000
176.4882,15.0000,4.5000
176.9385,15.0000,4.5000
177.3887,15.0000,4.5000
177.8389,15.0000,4.5000
178.2891,15.0000,4.5000
178.7394,15.0000,4.5000
179.1896,15.0000,4.5000
179.6398,15.0000,4.5000
180.0900,15.0000,4.5000
180.5403,15.0000,4.5000
180.9905,15.0000,4.5000
181.4407,15.0000,4.5000
181.8909,15.0000,4.5000
182.3412,15.0000,4.5000
182.7914,15.0000,4.5000
183.2416,15.0000,4.5000
183.6918,15.0000,4.5000
184.1421,15.0000,4.5000
184.5923,15.0000,4.5000
185.0425,15.0000,4.5000
185.4927,15.0000,4.5000
185.9430,15.0000,4.5000
186.3932,15.0000,4.5000
186.8434,15.0000,4.5000
187.2936,15.0000,4.5000
187.7439,15.0000,4.5000
188.1941,15.0000,4.5000
188.6443,15.0000,4.5000
189.0945,15.0000,4.5000
189.5448,15.0000,4.5000
189.9950,15.0000,4.5000
190.4452,15.0000,4.5000
190.8954,15.0000,4.5000
191.3457,15.0000,4.5000
191.7959,15.0000,4.5000
192.2461,15.0000,4.5000
192.6963,15.0000,4.5000
193.1466,15.0000,4.5000
193.5968,15.0000,4.5000
194.0470,15.0000,4.5000
194.4972,15.0000,4.5000
194.9475,15.0000,4.5000
195.3977,15.0000,4.5000
195.8479,15.0000,4.5000
196.2981,15.0000,4.5000
196.7484,15.0000,4.5000
197.1986,15.0000,4.5000
197.6488,15.0000,4.5000
198.0990,15.0000,4.5000
198.5493,15.0000,4.5000
198.9995,15.0000,4.5000
199.4497,15.0000,4.5000
199.8999,15.0000,4.5000
200.3502,15.0000,4.5000
200.8004,15.0000,4.5000
201.2506,15.0000,4.5000
201.7009,15.0000,4.5000
202.1511,15.0000,4.5000
202.6013,15.0000,4.5000
203.0515,15.0000,4.5000
203.5018,15.0000,4.5000
203.9520,15.0000,4.5000
204.4022,15.0000,4.5000
204.8524,15.0000,4.5000
205.3027,15.0000,4.5000
205.7529,15.0000,4.5000
206.2031,15.0000,4.5000
206.6533,15.0000,4.5000
207.1036,15.0000,4.5000
207.5538,15.0000,4.5000
208.0040,15.0000,4.5000
208.4542,15.0000,4.5000
208.9045,15.0000,4.5000
209.3547,15.0000,4.5000
209.8049,15.0000,4.5000
210.2551,15.0000,4.5000
210.7054,15.0000,4.5000
211.1556,15.0000,4.5000
211.6058,15.0000,4.5000
212.0560,15.0000,4.5000
212.5063,15.0000,4.5000
212.9565,15.0000,4.5000
213.4067,15.0000,4.5000
213.8569,15.0000,4.5000
214.3072,15.0000,4.5000
214.7574,15.0000,4.5000
215.2076,15.0000,4.5000
215.6578,15.0000,4.5000
216.1081,15.0000,4.5000
216.5583,15.0000,4.5000
217.0085,15.0000,4.5000
217.4587,15.0000,4.5000
217.9090,15.0000,4.5000
218.3592,15.0000,4.5000
218.8094,15.0000,4.5000
219.2596,15.0000,4.5000
219.7099,15.0000,4.5000
220.1601,15.0000,4.5000
220.6103,15.0000,4.5000
221.0605,15.0000,4.5000
221.5108,15.0000,4.5000
221.9610,15.0000,4.5000
222.4112,15.0000,4.5000
222.8614,15.0000,4.5000
223.3117,15.0000,4.5000
223.7619,15.0000,4.5000
224.2121,15.0000,4.5000
224.6623,15.0000,4.5000
225.1126,15.0000,4.5000
225.5628,15.0000,4.5000
226.0130,15.0000,4.5000
226.4632,15.0000,4.5000
226.9135,15.0000,4.5000
227.3637,15.0000,4.5000
227.8139,15.0000,4.5000
228.2641,15.0000,4.5000
228.7144,15.0000,4.5000
229.1646,15.0000,4.5000
229.6148,15.0000,4.5000
230.0650,15.0000,4.5000
230.5153,15.0000,4.5000
230.9655,15.0000,4.5000
231.4157,15.0000,4.5000
231.8659,15.0000,4.5000
232.3162,15.0000,4.5000
232.7664,15.0000,4.5000
233.2166,15.0000,4.5000
233.6668,15.0000,4.5000
234.1171,15.0000,4.5000
234.5673,15.0000,4.5000
235.0175,15.0000,4.5000
235.4677,15.0000,4.5000
235.9180,15.0000,4.5000
236.3682,15.0000,4.5000
236.8184,15.0000,4.5000
237.2686,15.0000,4.5000
237.7189,15.0000,4.5000
238.1691,15.0000,4.5000
238.6193,15.0000,4.5000
239.0695,15.0000,4.5000
239.5198,15.0000,4.5000
239.9700,15.0000,4.5000
240.4202,15.0000,4.5000
240.8704,15.0000,4.5000
241.3207,15.0000,4.5000
241.7709,15.0000,4.5000
242.2211,15.0000,4.5000
242.6713,15.0000,4.5000
243.1216,15.0000,4.5000
243.5718,15.0000,4.5000
244.0220,15.0000,4.5000
244.4722,15.0000,4.5000
244.9225,15.0000,4.5000
245.3727,15.0000,4.5000
245.8229,15.0000,4.5000
246.2731,15.0000,4.5000
246.7234,15.0000,4.5000
247.1736,15.0000,4.5000
247.6238,15.0000,4.5000
248.0740,15.0000,4.5000
248.5243,15.0000,4.5000
248.9745,15.0000,4.5000
249.4247,15.0000,4.5000
249.8749,15.0000,4.5000
250.3252,15.0000,4.5000
250.7754,15.0000,4.5000
251.2256,15.0000,4.5000
251.6758,15.0000,4.5000
252.1261,15.0000,4.5000
252.5763,15.0000,4.5000
253.0265,15.0000,4.5000
253.4767,15.0000,4.5000
253.9270,15.0000,4.5000
254.3772,15.0000,4.5000
254.8274,15.0000,4.5000
255.2776,15.0000,4.5000
255.7279,15.0000,4.5000
256.1781,15.0000,4.5000
256.6283,15.0000,4.5000
257.0785,15.0000,4.5000
257.5288,15.0000,4.5000
257.9790,15.0000,4.5000
258.4292,15.0000,4.5000
258.8794,15.0000,4.5000
259.3297,15.0000,4.5000
259.7799,15.0000,4.5000
260.2301,15.0000,4.5000
260.6803,15.0000,4.5000
261.1306,15.0000,4.5000
261.5808,15.0000,4.5000
262.0310,15.0000,4.5000
262.4812,15.0000,4.5000
262.9315,15.0000,4.5000
263.3817,15.0000,4.5000
263.8319,15.0000,4.5000
264.2821,15.0000,4.5000
264.7324,15.0000,4.5000
265.1826,15.0000,4.5000
265.6328,15.0000,4.5000
266.0830,15.0000,4.5000
266.5333,15.0000,4.5000
266.9835,15.0000,4.5000
267.4337,15.0000,4.5000
267.8839,15.0000,4.5000
268.3342,15.0000,4.5000
268.7844,15.0000,4.5000
269.2346,15.0000,4.5000
269.6848,15.0000,4.5000
270.1351,15.0000,4.5000
270.5853,15.0000,4.5000
271.0355,15.0000,4.5000
271.4857,15.0000,4.5000
271.9360,15.0000,4.5000
272.3862,15.0000,4.5000
272.8364,15.0000,4.5000
273.2866,15.0000,4.5000
273.7369,15.0000,4.5000
274.1871,15.0000,4.5000
274.6373,15.0000,4.5000
275.0875,15.0000,4.5000
275.5378,15.0000,4.5000
275.9880,15.0000,4.5000
276.4382,15.0000,4.5000
276.8884,15.0000,4.5000
277.3387,15.0000,4.5000
277.7889,15.0000,4.5000
278.2391,15.0000,4.5000
278.6893,15.0000,4.5000
279.1396,15.0000,4.5000
279.5898,15.0000,4.5000
280.0400,15.0000,4.5000
280.4902,15.0000,4.5000
280.9405,15.0000,4.5000
281.3907,15.0000,4.5000
281.8409,15.0000,4.5000
282.2911,15.0000,4.5000
282.7414,15.0000,4.5000
283.1916,15.0000,4.5000
283.6418,15.0000,4.5000
284.0920,15.0000,4.5000
284.5423,15.0000,4.5000
284.9925,15.0000,4.5000
285.4427,15.0000,4.5000
285.8929,15.0000,4.5000
286.3432,15.0000,4.5000
286.7934,15.0000,4.5000
287.2436,15.0000,4.5000
287.6938,15.0000,4.5000
288.1441,15.0000,4.5000
288.5943,15.0000,4.5000
289.0445,15.0000,4.5000
289.4947,15.0000,4.5000
289.9450,15.0000,4.5000
290.3952,15.0000,4.5000
290.8454,15.0000,4.5000
291.2956,15.0000,4.5000
291.7459,15.0000,4.5000
292.1961,15.0000,4.5000
292.6463,15.0000,4.5000
293.0965,15.0000,4.5000
293.5468,15.0000,4.5000
293.9970,15.0000,4.5000
294.4472,15.0000,4.5000
294.8974,15.0000,4.5000
295.3477,15.0000,4.5000
295.7979,15.0000,4.5000
296.2481,15.0000,4.5000
296.6983,15.0000,4.5000
297.1486,15.0000,4.5000
297.5988,15.0000,4.5000
298.0490,15.0000,4.5000
298.4992,15.0000,4.5000
298.9495,15.0000,4.5000
299.3997,15.0000,4.5000
299.8499,15.0000,4.5000
300.3002,15.0000,4.5000
300.7504,15.0000,4.5000
301.2006,15.0000,4.5000
301.6508,15.0000,4.5000
302.1011,15.0000,4.5000
302.5513,15.0000,4.5000
303.0015,15.0000,4.5000
303.4517,15.0000,4.5000
303.9020,15.0000,4.5000
304.3522,15.0000,4.5000
304.8024,15.0000,4.5000
305.2526,15.0000,4.5000
305.7029,15.0000,4.5000
306.1531,15.0000,4.5000
306.6033,15.0000,4.5000
307.0535,15.0000,4.5000
307.5038,15.0000,4.5000
307.9540,15.0000,4.5000
308.4042,15.0000,4.5000
308.8544,15.0000,4.5000
309.3047,15.0000,4.5000
309.7549,15.0000,4.5000
310.2051,15.0000,4.5000
310.6553,15.0000,4.5000
311.1056,15.0000,4.5000
311.5558,15.0000,4.5000
312.0060,15.0000,4.5000
312.4562,15.0000,4.5000
312.9065,15.0000,4.5000
313.3567,15.0000,4.5000
313.8069,15.0000,4.5000
314.2571,15.0000,4.5000
314.7074,15.0000,4.5000
315.1576,15.0000,4.5000
315.6078,15.0000,4.5000
316.0580,15.0000,4.5000
316.5083,15.0000,4.5000
316.9585,15.0000,4.5000
317.4087,15.0000,4.5000
317.8589,15.0000,4.5000
318.3092,15.0000,4.5000
318.7594,15.0000,4.5000
319.2096,15.0000,4.5000
319.6598,15.0000,4.5000
320.1101,15.0000,4.5000
320.5603,15.0000,4.5000
321.0105,15.0000,4.5000
321.4607,15.0000,4.5000
321.9110,15.0000,4.5000
322.3612,15.0000,4.5000
322.8114,15.0000,4.5000
323.2616,15.0000,4.5000
323.7119,15.0000,4.5000
324.1621,15.0000,4.5000
324.6123,15.0000,4.5000
325.0625,15.0000,4.5000
325.5128,15.0000,4.5000
325.9630,15.0000,4.5000
326.4132,15.0000,4.5000
326.8634,15.0000,4.5000
327.3137,15.0000,4.5000
327.7639,15.0000,4.5000
328.2141,15.0000,4.5000
328.6643,15.0000,4.5000
329.1146,15.0000,4.5000
329.5648,15.0000,4.5000
330.0150,15.0000,4.5000
330.4652,15.0000,4.5000
330.9155,15.0000,4.5000
331.3657,15.0000,4.5000
331.8159,15.0000,4.5000
332.2661,15.0000,4.5000
332.7164,15.0000,4.5000
333.1666,15.0000,4.5000
333.6168,15.0000,4.5000
334.0670,15.0000,4.5000
334.5173,15.0000,4.5000
334.9675,15.0000,4.5000
335.4177,15.0000,4.5000
335.8679,15.0000,4.5000
336.3182,15.0000,4.5000
336.7684,15.0000,4.5000
337.2186,15.0000,4.5000
337.6688,15.0000,4.5000
338.1191,15.0000,4.5000
338.5693,15.0000,4.5000
339.0195,15.0000,4.5000
339.4697,15.0000,4.5000
339.9200,15.0000,4.5000
340.3702,15.0000,4.5000
340.8204,15.0000,4.5000
341.2706,15.0000,4.5000
341.7209,15.0000,4.5000
342.1711,15.0000,4.5000
342.6213,15.0000,4.5000
343.0715,15.0000,4.5000
343.5218,15.0000,4.5000
343.9720,15.0000,4.5000
344.4222,15.0000,4.5000
344.8724,15.0000,4.5000
345.3227,15.0000,4.5000
345.7729,15.0000,4.5000
346.2231,15.0000,4.5000
346.6733,15.0000,4.5000
347.1236,15.0000,4.5000
347.5738,15.0000,4.5000
348.0240,15.0000,4.5000
348.4742,15.0000,4.5000
348.9245,15.0000,4.5000
349.3747,15.0000,4.5000
349.8249,15.0000,4.5000
350.2751,15.0000,4.5000
350.7254,15.0000,4.5000
351.1756,15.0000,4.5000
351.6258,15.0000,4.5000
352.0760,15.0000,4.5000
352.5263,15.0000,4.5000
352.9765,15.0000,4.5000
353.4267,15.0000,4.5000
353.8769,15.0000,4.5000
354.3272,15.0000,4.5000
354.7774,15.0000,4.5000
355.2276,15.0000,4.5000
355.6778,15.0000,4.5000
356.1281,15.0000,4.5000
356.5783,15.0000,4.5000
357.0285,15.0000,4.5000
357.4787,15.0000,4.5000
357.9290,15.0000,4.5000
358.3792,15.0000,4.5000
358.8294,15.0000,4.5000
359.2796,15.0000,4.5000
359.7299,15.0000,4.5000
360.1801,15.0000,4.5000
360.6303,15.0000,4.5000
361.0805,15.0000,4.5000
361.5308,15.0000,4.5000
361.9810,15.0000,4.5000
362.4312,15.0000,4.5000
362.8814,15.0000,4.5000
363.3317,15.0000,4.5000
363.7819,15.0000,4.5000
364.2321,15.0000,4.5000
364.6823,15.0000,4.5000
365.1326,15.0000,4.5000
365.5828,15.0000,4.5000
366.0330,15.0000,4.5000
366.4832,15.0000,4.5000
366.9335,15.0000,4.5000
367.3837,15.0000,4.5000
367.8339,15.0000,4.5000
368.2841,15.0000,4.5000
368.7344,15.0000,4.5000
369.1846,15.0000,4.5000
369.6348,15.0000,4.5000
370.0850,15.0000,4.5000
370.5353,15.0000,4.5000
370.9855,15.0000,4.5000
371.4357,15.0000,4.5000
371.8859,15.0000,4.5000
372.3362,15.0000,4.5000
372.7864,15.0000,4.5000
373.2366,15.0000,4.5000
373.6868,15.0000,4.5000
374.1371,15.0000,4.5000
374.5873,15.0000,4.5000
375.0375,15.0000,4.5000
375.4877,15.0000,4.5000
375.9380,15.0000,4.5000
376.3882,15.0000,4.5000
376.8384,15.0000,4.5000
377.2886,15.0000,4.5000
377.7389,15.0000,4.5000
378.1891,15.0000,4.5000
378.6393,15.0000,4.5000
379.0895,15.0000,4.5000
379.5398,15.0000,4.5000
379.9900,15.0000,4.5000
380.4402,15.0000,4.5000
380.8904,15.0000,4.5000
381.3407,15.0000,4.5000
381.7909,15.0000,4.5000
382.2411,15.0000,4.5000
382.6913,15.0000,4.5000
383.1416,15.0000,4.5000
383.5918,15.0000,4.5000
384.0420,15.0000,4.5000
384.4922,15.0000,4.5000
384.9425,15.0000,4.5000
385.3927,15.0000,4.5000
385.8429,15.0000,4.5000
386.2931,15.0000,4.5000
386.7434,15.0000,4.5000
387.1936,15.0000,4.5000
387.6438,15.0000,4.5000
388.0940,15.0000,4.5000
388.5443,15.0000,4.5000
388.9945,15.0000,4.5000
389.4447,15.0000,4.5000
389.8949,15.0000,4.5000
390.3452,15.0000,4.5000
390.7954,15.0000,4.5000
391.2456,15.0000,4.5000
391.6958,15.0000,4.5000
392.1461,15.0000,4.5000
392.5963,15.0000,4.5000
393.0465,15.0000,4.5000
393.4967,15.0000,4.5000
393.9470,15.0000,4.5000
394.3972,15.0000,4.5000
394.8474,15.0000,4.5000
395.2976,15.0000,4.5000
395.7479,15.0000,4.5000
396.1981,15.0000,4.5000
396.6483,15.0000,4.5000
397.0985,15.0000,4.5000
397.5488,15.0000,4.5000
397.9990,15.0000,4.5000
398.4492,15.0000,4.5000
398.8994,15.0000,4.5000
399.3497,15.0000,4.5000
399.7999,15.0000,4.5000
400.2501,15.0000,4.5000
400.7004,15.0000,4.5000
401.1506,15.0000,4.5000
401.6008,15.0000,4.5000
402.0510,15.0000,4.5000
402.5013,15.0000,4.5000
402.9515,15.0000,4.5000
403.4017,15.0000,4.5000
403.8519,15.0000,4.5000
404.3022,15.0000,4.5000
404.7524,15.0000,4.5000
405.2026,15.0000,4.5000
405.6528,15.0000,4.5000
406.1031,15.0000,4.5000
406.5533,15.0000,4.5000
407.0035,15.0000,4.5000
407.4537,15.0000,4.5000
407.9040,15.0000,4.5000
408.3542,15.0000,4.5000
408.8044,15.0000,4.5000
409.2546,15.0000,4.5000
409.7049,15.0000,4.5000
410.1551,15.0000,4.5000
410.6053,15.0000,4.5000
411.0555,15.0000,4.5000
411.5058,15.0000,4.5000
411.9560,15.0000,4.5000
412.4062,15.0000,4.5000
412.8564,15.0000,4.5000
413.3067,15.0000,4.5000
413.7569,15.0000,4.5000
414.2071,15.0000,4.5000
414.6573,15.0000,4.5000
415.1076,15.0000,4.5000
415.5578,15.0000,4.5000
416.0080,15.0000,4.5000
416.4582,15.0000,4.5000
416.9085,15.0000,4.5000
417.3587,15.0000,4.5000
417.8089,15.0000,4.5000
418.2591,15.0000,4.5000
418.7094,15.0000,4.5000
419.1596,15.0000,4.5000
419.6098,15.0000,4.5000
420.0600,15.0000,4.5000
420.5103,15.0000,4.5000
420.9605,15.0000,4.5000
421.4107,15.0000,4.5000
421.8609,15.0000,4.5000
422.3112,15.0000,4.5000
422.7614,15.0000,4.5000
423.2116,15.0000,4.5000
423.6618,15.0000,4.5000
424.1121,15.0000,4.5000
424.5623,15.0000,4.5000
425.0125,15.0000,4.5000
425.4627,15.0000,4.5000
425.9130,15.0000,4.5000
426.3632,15.0000,4.5000
426.8134,15.0000,4.5000
427.2636,15.0000,4.5000
427.7139,15.0000,4.5000
428.1641,15.0000,4.5000
428.6143,15.0000,4.5000
429.0645,15.0000,4.5000
429.5148,15.0000,4.5000
429.9650,15.0000,4.5000
430.4152,15.0000,4.5000
430.8654,15.0000,4.5000
431.3157,15.0000,4.5000
431.7659,15.0000,4.5000
432.2161,15.0000,4.5000
432.6663,15.0000,4.5000
433.1166,15.0000,4.5000
433.5668,15.0000,4.5000
434.0170,15.0000,4.5000
434.4672,15.0000,4.5000
434.9175,15.0000,4.5000
435.3677,15.0000,4.5000
435.8179,15.0000,4.5000
436.2681,15.0000,4.5000
436.7184,15.0000,4.5000
437.1686,15.0000,4.5000
437.6188,15.0000,4.5000
438.0690,15.0000,4.5000
438.5193,15.0000,4.5000
438.9695,15.0000,4.5000
439.4197,15.0000,4.5000
439.8699,15.0000,4.5000
440.3202,15.0000,4.5000
440.7704,15.0000,4.5000
441.2206,15.0000,4.5000
441.6708,15.0000,4.5000
442.1211,15.0000,4.5000
442.5713,15.0000,4.5000
443.0215,15.0000,4.5000
443.4717,15.0000,4.5000
443.9220,15.0000,4.5000
444.3722,15.0000,4.5000
444.8224,15.0000,4.5000
445.2726,15.0000,4.5000
445.7229,15.0000,4.5000
446.1731,15.0000,4.5000
446.6233,15.0000,4.5000
447.0735,15.0000,4.5000
447.5238,15.0000,4.5000
447.9740,15.0000,4.5000
448.4242,15.0000,4.5000
448.8744,15.0000,4.5000
449.3247,15.0000,4.5000
449.7749,15.0000,4.5000
450.2251,15.0000,4.5000
450.6753,15.0000,4.5000
451.1256,15.0000,4.5000
451.5758,15.0000,4.5000
452.0260,15.0000,4.5000
452.4762,15.0000,4.5000
452.9265,15.0000,4.5000
453.3767,15.0000,4.5000
453.8269,15.0000,4.5000
454.2771,15.0000,4.5000
454.7274,15.0000,4.5000
455.1776,15.0000,4.5000
455.6278,15.0000,4.5000
456.0780,15.0000,4.5000
456.5283,15.0000,4.5000
456.9785,15.0000,4.5000
457.4287,15.0000,4.5000
457.8789,15.0000,4.5000
458.3292,15.0000,4.5000
458.7794,15.0000,4.5000
459.2296,15.0000,4.5000
459.6798,15.0000,4.5000
460.1301,15.0000,4.5000
460.5803,15.0000,4.5000
461.0305,15.0000,4.5000
461.4807,15.0000,4.5000
461.9310,15.0000,4.5000
462.3812,15.0000,4.5000
462.8314,15.0000,4.5000
463.2816,15.0000,4.5000
463.7319,15.0000,4.5000
464.1821,15.0000,4.5000
464.6323,15.0000,4.5000
465.0825,15.0000,4.5000
465.5328,15.0000,4.5000
465.9830,15.0000,4.5000
466.4332,15.0000,4.5000
466.8834,15.0000,4.5000
467.3337,15.0000,4.5000
467.7839,15.0000,4.5000
468.2341,15.0000,4.5000
468.6843,15.0000,4.5000
469.1346,15.0000,4.5000
469.5848,15.0000,4.5000
470.0350,15.0000,4.5000
470.4852,15.0000,4.5000
470.9355,15.0000,4.5000
471.3857,15.0000,4.5000
471.8359,15.0000,4.5000
472.2861,15.0000,4.5000
472.7364,15.0000,4.5000
473.1866,15.0000,4.5000
473.6368,15.0000,4.5000
474.0870,15.0000,4.5000
474.5373,15.0000,4.5000
474.9875,15.0000,4.5000
475.4377,15.0000,4.5000
475.8879,15.0000,4.5000
476.3382,15.0000,4.5000
476.7884,15.0000,4.5000
477.2386,15.0000,4.5000
477.6888,15.0000,4.5000
478.1391,15.0000,4.5000
478.5893,15.0000,4.5000
479.0395,15.0000,4.5000
479.4897,15.0000,4.5000
479.9400,15.0000,4.5000
480.3902,15.0000,4.5000
480.8404,15.0000,4.5000
481.2906,15.0000,4.5000
481.7409,15.0000,4.5000
482.1911,15.0000,4.5000
482.6413,15.0000,4.5000
483.0915,15.0000,4.5000
483.5418,15.0000,4.5000
483.9920,15.0000,4.5000
484.4422,15.0000,4.5000
484.8924,15.0000,4.5000
485.3427,15.0000,4.5000
485.7929,15.0000,4.5000
486.2431,15.0000,4.5000
486.6933,15.0000,4.5000
487.1436,15.0000,4.5000
487.5938,15.0000,4.5000
488.0440,15.0000,4.5000
488.4942,15.0000,4.5000
488.9445,15.0000,4.5000
489.3947,15.0000,4.5000
489.8449,15.0000,4.5000
490.2951,15.0000,4.5000
490.7454,15.0000,4.5000
491.1956,15.0000,4.5000
491.6458,15.0000,4.5000
492.0960,15.0000,4.5000
492.5463,15.0000,4.5000
492.9965,15.0000,4.5000
493.4467,15.0000,4.5000
493.8969,15.0000,4.5000
494.3472,15.0000,4.5000
494.7974,15.0000,4.5000
495.2476,15.0000,4.5000
495.6978,15.0000,4.5000
496.1481,15.0000,4.5000
496.5983,15.0000,4.5000
497.0485,15.0000,4.5000
497.4987,15.0000,4.5000
497.9490,15.0000,4.5000
498.3992,15.0000,4.5000
498.8494,15.0000,4.5000
499.2996,15.0000,4.5000
499.7499,15.0000,4.5000
500.2001,15.0000,4.5000
500.6503,15.0000,4.5000
501.1006,15.0000,4.5000
501.5508,15.0000,4.5000
502.0010,15.0000,4.5000
502.4512,15.0000,4.5000
502.9015,15.0000,4.5000
503.3517,15.0000,4.5000
503.8019,15.0000,4.5000
504.2521,15.0000,4.5000
504.7024,15.0000,4.5000
505.1526,15.0000,4.5000
505.6028,15.0000,4.5000
506.0530,15.0000,4.5000
506.5033,15.0000,4.5000
506.9535,15.0000,4.5000
507.4037,15.0000,4.5000
507.8539,15.0000,4.5000
508.3042,15.0000,4.5000
508.7544,15.0000,4.5000
509.2046,15.0000,4.5000
509.6548,15.0000,4.5000
510.1051,15.0000,4.5000
510.5553,15.0000,4.5000
511.0055,15.0000,4.5000
511.4557,15.0000,4.5000
511.9060,15.0000,4.5000
512.3562,15.0000,4.5000
512.8064,15.0000,4.5000
513.2566,15.0000,4.5000
513.7069,15.0000,4.5000
514.1571,15.0000,4.5000
514.6073,15.0000,4.5000
515.0575,15.0000,4.5000
515.5078,15.0000,4.5000
515.9580,15.0000,4.5000
516.4082,15.0000,4.5000
516.8584,15.0000,4.5000
517.3087,15.0000,4.5000
517.7589,15.0000,4.5000
518.2091,15.0000,4.5000
518.6593,15.0000,4.5000
519.1096,15.0000,4.5000
519.5598,15.0000,4.5000
520.0100,15.0000,4.5000
520.4602,15.0000,4.5000
520.9105,15.0000,4.5000
521.3607,15.0000,4.5000
521.8109,15.0000,4.5000
522.2611,15.0000,4.5000
522.7114,15.0000,4.5000
523.1616,15.0000,4.5000
523.6118,15.0000,4.5000
524.0620,15.0000,4.5000
524.5123,15.0000,4.5000
524.9625,15.0000,4.5000
525.4127,15.0000,4.5000
525.8629,15.0000,4.5000
526.3132,15.0000,4.5000
526.7634,15.0000,4.5000
527.2136,15.0000,4.5000
527.6638,15.0000,4.5000
528.1141,15.0000,4.5000
528.5643,15.0000,4.5000
529.0145,15.0000,4.5000
529.4647,15.0000,4.5000
529.9150,15.0000,4.5000
530.3652,15.0000,4.5000
530.8154,15.0000,4.5000
531.2656,15.0000,4.5000
531.7159,15.0000,4.5000
532.1661,15.0000,4.5000
532.6163,15.0000,4.5000
533.0665,15.0000,4.5000
533.5168,15.0000,4.5000
533.9670,15.0000,4.5000
534.4172,15.0000,4.5000
534.8674,15.0000,4.5000
535.3177,15.0000,4.5000
535.7679,15.0000,4.5000
536.2181,15.0000,4.5000
536.6683,15.0000,4.5000
537.1186,15.0000,4.5000
537.5688,15.0000,4.5000
538.0190,15.0000,4.5000
538.4692,15.0000,4.5000
538.9195,15.0000,4.5000
539.3697,15.0000,4.5000
539.8199,15.0000,4.5000
540.2701,15.0000,4.5000
540.7204,15.0000,4.5000
541.1706,15.0000,4.5000
541.6208,15.0000,4.5000
542.0710,15.0000,4.5000
542.5213,15.0000,4.5000
542.9715,15.0000,4.5000
543.4217,15.0000,4.5000
543.8719,15.0000,4.5000
544.3222,15.0000,4.5000
544.7724,15.0000,4.5000
545.2226,15.0000,4.5000
545.6728,15.0000,4.5000
546.1231,15.0000,4.5000
546.5733,15.0000,4.5000
547.0235,15.0000,4.5000
547.4737,15.0000,4.5000
547.9240,15.0000,4.5000
548.3742,15.0000,4.5000
548.8244,15.0000,4.5000
549.2746,15.0000,4.5000
549.7249,15.0000,4.5000
550.1751,15.0000,4.5000
550.6253,15.0000,4.5000
551.0755,15.0000,4.5000
551.5258,15.0000,4.5000
551.9760,15.0000,4.5000
552.4262,15.0000,4.5000
552.8764,15.0000,4.5000
553.3267,15.0000,4.5000
553.7769,15.0000,4.5000
554.2271,15.0000,4.5000
554.6773,15.0000,4.5000
555.1276,15.0000,4.5000
555.5778,15.0000,4.5000
556.0280,15.0000,4.5000
556.4782,15.0000,4.5000
556.9285,15.0000,4.5000
557.3787,15.0000,4.5000
557.8289,15.0000,4.5000
558.2791,15.0000,4.5000
558.7294,15.0000,4.5000
559.1796,15.0000,4.5000
559.6298,15.0000,4.5000
560.0800,15.0000,4.5000
560.5303,15.0000,4.5000
560.9805,15.0000,4.5000
561.4307,15.0000,4.5000
561.8809,15.0000,4.5000
562.3312,15.0000,4.5000
562.7814,15.0000,4.5000
563.2316,15.0000,4.5000
563.6818,15.0000,4.5000
564.1321,15.0000,4.5000
564.5823,15.0000,4.5000
565.0325,15.0000,4.5000
565.4827,15.0000,4.5000
565.9330,15.0000,4.5000
566.3832,15.0000,4.5000
566.8334,15.0000,4.5000
567.2836,15.0000,4.5000
567.7339,15.0000,4.5000
568.1841,15.0000,4.5000
568.6343,15.0000,4.5000
569.0845,15.0000,4.5000
569.5348,15.0000,4.5000
569.9850,15.0000,4.5000
570.4352,15.0000,4.5000
570.8854,15.0000,4.5000
571.3357,15.0000,4.5000
571.7859,15.0000,4.5000
572.2361,15.0000,4.5000
572.6863,15.0000,4.5000
573.1366,15.0000,4.5000
573.5868,15.0000,4.5000
574.0370,15.0000,4.5000
574.4872,15.0000,4.5000
574.9375,15.0000,4.5000
575.3877,15.0000,4.5000
575.8379,15.0000,4.5000
576.2881,15.0000,4.5000
576.7384,15.0000,4.5000
577.1886,15.0000,4.5000
577.6388,15.0000,4.5000
578.0890,15.0000,4.5000
578.5393,15.0000,4.5000
578.9895,15.0000,4.5000
579.4397,15.0000,4.5000
579.8899,15.0000,4.5000
580.3402,15.0000,4.5000
580.7904,15.0000,4.5000
581.2406,15.0000,4.5000
581.6908,15.0000,4.5000
582.1411,15.0000,4.5000
582.5913,15.0000,4.5000
583.0415,15.0000,4.5000
583.4917,15.0000,4.5000
583.9420,15.0000,4.5000
584.3922,15.0000,4.5000
584.8424,15.0000,4.5000
585.2926,15.0000,4.5000
585.7429,15.0000,4.5000
586.1931,15.0000,4.5000
586.6433,15.0000,4.5000
587.0935,15.0000,4.5000
587.5438,15.0000,4.5000
587.9940,15.0000,4.5000
588.4442,15.0000,4.5000
588.8944,15.0000,4.5000
589.3447,15.0000,4.5000
589.7949,15.0000,4.5000
590.2451,15.0000,4.5000
590.6953,15.0000,4.5000
591.1456,15.0000,4.5000
591.5958,15.0000,4.5000
592.0460,15.0000,4.5000
592.4962,15.0000,4.5000
592.9465,15.0000,4.5000
593.3967,15.0000,4.5000
593.8469,15.0000,4.5000
594.2971,15.0000,4.5000
594.7474,15.0000,4.5000
595.1976,15.0000,4.5000
595.6478,15.0000,4.5000
596.0980,15.0000,4.5000
596.5483,15.0000,4.5000
596.9985,15.0000,4.5000
597.4487,15.0000,4.5000
597.8989,15.0000,4.5000
598.3492,15.0000,4.5000
598.7994,15.0000,4.5000
599.2496,15.0000,4.5000
599.6998,15.0000,4.5000
600.1501,15.0000,4.5000
600.6003,15.0000,4.5000
601.0505,15.0000,4.5000
601.5008,15.0000,4.5000
601.9510,15.0000,4.5000
602.4012,11.9910,2.8757
602.8514,8.6143,1.4841
603.3017,5.2376,0.5487
603.7519,1.8609,0.0693
604.2021,0.0000,0.0000
604.6523,0.0000,0.0000
605.1026,0.0000,0.0000
605.5528,0.0000,0.0000
606.0030,0.0000,0.0000
606.4532,0.0000,0.0000
606.9035,0.0000,0.0000
607.3537,0.0000,0.0000
607.8039,0.0000,0.0000
608.2541,0.0000,0.0000
608.7044,0.0000,0.0000
609.1546,0.0000,0.0000
609.6048,0.0000,0.0000
610.0550,0.0000,0.0000
610.5053,0.0000,0.0000
610.9555,0.0000,0.0000
611.4057,0.0000,0.0000
611.8559,0.0000,0.0000
612.3062,0.0000,0.0000
612.7564,0.0000,0.0000
613.2066,0.0000,0.0000
613.6568,0.0000,0.0000
614.1071,0.0000,0.0000
614.5573,0.0000,0.0000
615.0075,0.0000,0.0000
615.4577,0.0000,0.0000
615.9080,0.0000,0.0000
616.3582,0.0000,0.0000
616.8084,0.0000,0.0000
617.2586,0.0000,0.0000
617.7089,0.0000,0.0000
618.1591,0.0000,0.0000
618.6093,0.0000,0.0000
619.0595,0.0000,0.0000
619.5098,0.0000,0.0000
619.9600,0.0000,0.0000
620.4102,0.0000,0.0000
620.8604,0.0000,0.0000
621.3107,0.0000,0.0000
621.7609,0.0000,0.0000
622.2111,0.0000,0.0000
622.6613,0.0000,0.0000
623.1116,0.0000,0.0000
623.5618,0.0000,0.0000
624.0120,0.0000,0.0000
624.4622,0.0000,0.0000
624.9125,0.0000,0.0000
625.3627,0.0000,0.0000
625.8129,0.0000,0.0000
626.2631,0.0000,0.0000
626.7134,0.0000,0.0000
627.1636,0.0000,0.0000
627.6138,0.0000,0.0000
628.0640,0.0000,0.0000
628.5143,0.0000,0.0000
628.9645,0.0000,0.0000
629.4147,0.0000,0.0000
629.8649,0.0000,0.0000
630.3152,0.0000,0.0000
630.7654,0.0000,0.0000
631.2156,0.0000,0.0000
631.6658,0.0000,0.0000
632.1161,0.0000,0.0000
632.5663,0.0000,0.0000
633.0165,0.0000,0.0000
633.4667,0.0000,0.0000
633.9170,0.0000,0.0000
634.3672,0.0000,0.0000
634.8174,0.0000,0.0000
635.2676,0.0000,0.0000
635.7179,0.0000,0.0000
636.1681,0.0000,0.0000
636.6183,0.0000,0.0000
637.0685,0.0000,0.0000
637.5188,0.0000,0.0000
637.9690,0.0000,0.0000
638.4192,0.0000,0.0000
638.8694,0.0000,0.0000
639.3197,0.0000,0.0000
639.7699,0.0000,0.0000
640.2201,0.0000,0.0000
640.6703,0.0000,0.0000
641.1206,0.0000,0.0000
641.5708,0.0000,0.0000
642.0210,0.0000,0.0000
642.4712,0.0000,0.0000
642.9215,0.0000,0.0000
643.3717,0.0000,0.0000
643.8219,0.0000,0.0000
644.2721,0.0000,0.0000
644.7224,0.0000,0.0000
645.1726,0.0000,0.0000
645.6228,0.0000,0.0000
646.0730,0.0000,0.0000
646.5233,0.0000,0.0000
646.9735,0.0000,0.0000
647.4237,0.0000,0.0000
647.8739,0.0000,0.0000
648.3242,0.0000,0.0000
648.7744,0.0000,0.0000
649.2246,0.0000,0.0000
649.6748,0.0000,0.0000
650.1251,0.0000,0.0000
650.5753,0.0000,0.0000
651.0255,0.0000,0.0000
651.4757,0.0000,0.0000
651.9260,0.0000,0.0000
652.3762,0.0000,0.0000
652.8264,0.0000,0.0000
653.2766,0.0000,0.0000
653.7269,0.0000,0.0000
654.1771,0.0000,0.0000
654.6273,0.0000,0.0000
655.0775,0.0000,0.0000
655.5278,0.0000,0.0000
655.9780,0.0000,0.0000
656.4282,0.0000,0.0000
656.8784,0.0000,0.0000
657.3287,0.0000,0.0000
657.7789,0.0000,0.0000
658.2291,0.0000,0.0000
658.6793,0.0000,0.0000
659.1296,0.0000,0.0000
659.5798,0.0000,0.0000
660.0300,0.0000,0.0000
660.4802,0.0000,0.0000
660.9305,0.0000,0.0000
661.3807,0.0000,0.0000
661.8309,0.0000,0.0000
662.2811,0.0000,0.0000
662.7314,0.0000,0.0000
663.1816,0.0000,0.0000
663.6318,0.0000,0.0000
664.0820,0.0000,0.0000
664.5323,0.0000,0.0000
664.9825,0.0000,0.0000
665.4327,0.0000,0.0000
665.8829,0.0000,0.0000
666.3332,0.0000,0.0000
666.7834,0.0000,0.0000
667.2336,0.0000,0.0000
667.6838,0.0000,0.0000
668.1341,0.0000,0.0000
668.5843,0.0000,0.0000
669.0345,0.0000,0.0000
669.4847,0.0000,0.0000
669.9350,0.0000,0.0000
670.3852,0.0000,0.0000
670.8354,0.0000,0.0000
671.2856,0.0000,0.0000
671.7359,0.0000,0.0000
672.1861,0.0000,0.0000
672.6363,0.0000,0.0000
673.0865,0.0000,0.0000
673.5368,0.0000,0.0000
673.9870,0.0000,0.0000
674.4372,0.0000,0.0000
674.8874,0.0000,0.0000
675.3377,0.0000,0.0000
675.7879,0.0000,0.0000
676.2381,0.0000,0.0000
676.6883,0.0000,0.0000
677.1386,0.0000,0.0000
677.5888,0.0000,0.0000
678.0390,0.0000,0.0000
678.4892,0.0000,0.0000
678.9395,0.0000,0.0000
679.3897,0.0000,0.0000
679.8399,0.0000,0.0000
680.2901,0.0000,0.0000
680.7404,0.0000,0.0000
681.1906,0.0000,0.0000
681.6408,0.0000,0.0000
682.0910,0.0000,0.0000
682.5413,0.0000,0.0000
682.9915,0.0000,0.0000
683.4417,0.0000,0.0000
683.8919,0.0000,0.0000
684.3422,0.0000,0.0000
684.7924,0.0000,0.0000
685.2426,0.0000,0.0000
685.6928,0.0000,0.0000
686.1431,0.0000,0.0000
686.5933,0.0000,0.0000
687.0435,0.0000,0.0000
687.4937,0.0000,0.0000
687.9440,0.0000,0.0000
688.3942,0.0000,0.0000
688.8444,0.0000,0.0000
689.2946,0.0000,0.0000
689.7449,0.0000,0.0000
690.1951,0.0000,0.0000
690.6453,0.0000,0.0000
691.0955,0.0000,0.0000
691.5458,0.0000,0.0000
691.9960,0.0000,0.0000
692.4462,0.0000,0.0000
692.8964,0.0000,0.0000
693.3467,0.0000,0.0000
693.7969,0.0000,0.0000
694.2471,0.0000,0.0000
694.6973,0.0000,0.0000
695.1476,0.0000,0.0000
695.5978,0.0000,0.0000
696.0480,0.0000,0.0000
696.4982,0.0000,0.0000
696.9485,0.0000,0.0000
697.3987,0.0000,0.0000
697.8489,0.0000,0.0000
698.2991,0.0000,0.0000
698.7494,0.0000,0.0000
699.1996,0.0000,0.0000
699.6498,0.0000,0.0000
700.1001,0.0000,0.0000
700.5503,0.0000,0.0000
701.0005,0.0000,0.0000
701.4507,0.0000,0.0000
701.9010,0.0000,0.0000
702.3512,0.0000,0.0000
702.8014,0.0000,0.0000
703.2516,0.0000,0.0000
703.7019,0.0000,0.0000
704.1521,0.0000,0.0000
704.6023,0.0000,0.0000
705.0525,0.0000,0.0000
705.5028,0.0000,0.0000
705.9530,0.0000,0.0000
706.4032,0.0000,0.0000
706.8534,0.0000,0.0000
707.3037,0.0000,0.0000
707.7539,0.0000,0.0000
708.2041,0.0000,0.0000
708.6543,0.0000,0.0000
709.1046,0.0000,0.0000
709.5548,0.0000,0.0000
710.0050,0.0000,0.0000
710.4552,0.0000,0.0000
710.9055,0.0000,0.0000
711.3557,0.0000,0.0000
711.8059,0.0000,0.0000
712.2561,0.0000,0.0000
712.7064,0.0000,0.0000
713.1566,0.0000,0.0000
713.6068,0.0000,0.0000
714.0570,0.0000,0.0000
714.5073,0.0000,0.0000
714.9575,0.0000,0.0000
715.4077,0.0000,0.0000
715.8579,0.0000,0.0000
716.3082,0.0000,0.0000
716.7584,0.0000,0.0000
717.2086,0.0000,0.0000
717.6588,0.0000,0.0000
718.1091,0.0000,0.0000
718.5593,0.0000,0.0000
719.0095,0.0000,0.0000
719.4597,0.0000,0.0000
719.9100,0.0000,0.0000
720.3602,0.0000,0.0000
720.8104,0.0000,0.0000
721.2606,0.0000,0.0000
721.7109,0.0000,0.0000
722.1611,0.0000,0.0000
722.6113,0.0000,0.0000
723.0615,0.0000,0.0000
723.5118,0.0000,0.0000
723.9620,0.0000,0.0000
724.4122,0.0000,0.0000
724.8624,0.0000,0.0000
725.3127,0.0000,0.0000
725.7629,0.0000,0.0000
726.2131,0.0000,0.0000
726.6633,0.0000,0.0000
727.1136,0.0000,0.0000
727.5638,0.0000,0.0000
728.0140,0.0000,0.0000
728.4642,0.0000,0.0000
728.9145,0.0000,0.0000
729.3647,0.0000,0.0000
729.8149,0.0000,0.0000
730.2651,0.0000,0.0000
730.7154,0.0000,0.0000
731.1656,0.0000,0.0000
731.6158,0.0000,0.0000
732.0660,0.0000,0.0000
732.5163,0.0000,0.0000
732.9665,0.0000,0.0000
733.4167,0.0000,0.0000
733.8669,0.0000,0.0000
734.3172,0.0000,0.0000
734.7674,0.0000,0.0000
735.2176,0.0000,0.0000
735.6678,0.0000,0.0000
736.1181,0.0000,0.0000
736.5683,0.0000,0.0000
737.0185,0.0000,0.0000
737.4687,0.0000,0.0000
737.9190,0.0000,0.0000
738.3692,0.0000,0.0000
738.8194,0.0000,0.0000
739.2696,0.0000,0.0000
739.7199,0.0000,0.0000
740.1701,0.0000,0.0000
740.6203,0.0000,0.0000
741.0705,0.0000,0.0000
741.5208,0.0000,0.0000
741.9710,0.0000,0.0000
742.4212,0.0000,0.0000
742.8714,0.0000,0.0000
743.3217,0.0000,0.0000
743.7719,0.0000,0.0000
744.2221,0.0000,0.0000
744.6723,0.0000,0.0000
745.1226,0.0000,0.0000
745.5728,0.0000,0.0000
746.0230,0.0000,0.0000
746.4732,0.0000,0.0000
746.9235,0.0000,0.0000
747.3737,0.0000,0.0000
747.8239,0.0000,0.0000
748.2741,0.0000,0.0000
748.7244,0.0000,0.0000
749.1746,0.0000,0.0000
749.6248,0.0000,0.0000
750.0750,0.0000,0.0000
750.5253,0.0000,0.0000
750.9755,0.0000,0.0000
751.4257,0.0000,0.0000
751.8759,0.0000,0.0000
752.3262,0.0000,0.0000
752.7764,0.0000,0.0000
753.2266,0.0000,0.0000
753.6768,0.0000,0.0000
754.1271,0.0000,0.0000
754.5773,0.0000,0.0000
755.0275,0.0000,0.0000
755.4777,0.0000,0.0000
755.9280,0.0000,0.0000
756.3782,0.0000,0.0000
756.8284,0.0000,0.0000
757.2786,0.0000,0.0000
757.7289,0.0000,0.0000
758.1791,0.0000,0.0000
758.6293,0.0000,0.0000
759.0795,0.0000,0.0000
759.5298,0.0000,0.0000
759.9800,0.0000,0.0000
760.4302,0.0000,0.0000
760.8804,0.0000,0.0000
761.3307,0.0000,0.0000
761.7809,0.0000,0.0000
762.2311,0.0000,0.0000
762.6813,0.0000,0.0000
763.1316,0.0000,0.0000
763.5818,0.0000,0.0000
764.0320,0.0000,0.0000
764.4822,0.0000,0.0000
764.9325,0.0000,0.0000
765.3827,0.0000,0.0000
765.8329,0.0000,0.0000
766.2831,0.0000,0.0000
766.7334,0.0000,0.0000
767.1836,0.0000,0.0000
767.6338,0.0000,0.0000
768.0840,0.0000,0.0000
768.5343,0.0000,0.0000
768.9845,0.0000,0.0000
769.4347,0.0000,0.0000
769.8849,0.0000,0.0000
770.3352,0.0000,0.0000
770.7854,0.0000,0.0000
771.2356,0.0000,0.0000
771.6858,0.0000,0.0000
772.1361,0.0000,0.0000
772.5863,0.0000,0.0000
773.0365,0.0000,0.0000
773.4867,0.0000,0.0000
773.9370,0.0000,0.0000
774.3872,0.0000,0.0000
774.8374,0.0000,0.0000
775.2876,0.0000,0.0000
775.7379,0.0000,0.0000
776.1881,0.0000,0.0000
776.6383,0.0000,0.0000
777.0885,0.0000,0.0000
777.5388,0.0000,0.0000
777.9890,0.0000,0.0000
778.4392,0.0000,0.0000
778.8894,0.0000,0.0000
779.3397,0.0000,0.0000
779.7899,0.0000,0.0000
780.2401,0.0000,0.0000
780.6903,0.0000,0.0000
781.1406,0.0000,0.0000
781.5908,0.0000,0.0000
782.0410,0.0000,0.0000
782.4912,0.0000,0.0000
782.9415,0.0000,0.0000
783.3917,0.0000,0.0000
783.8419,0.0000,0.0000
784.2921,0.0000,0.0000
784.7424,0.0000,0.0000
785.1926,0.0000,0.0000
785.6428,0.0000,0.0000
786.0930,0.0000,0.0000
786.5433,0.0000,0.0000
786.9935,0.0000,0.0000
787.4437,0.0000,0.0000
787.8939,0.0000,0.0000
788.3442,0.0000,0.0000
788.7944,0.0000,0.0000
789.2446,0.0000,0.0000
789.6948,0.0000,0.0000
790.1451,0.0000,0.0000
790.5953,0.0000,0.0000
791.0455,0.0000,0.0000
791.4957,0.0000,0.0000
791.9460,0.0000,0.0000
792.3962,0.0000,0.0000
792.8464,0.0000,0.0000
793.2966,0.0000,0.0000
793.7469,0.0000,0.0000
794.1971,0.0000,0.0000
794.6473,0.0000,0.0000
795.0975,0.0000,0.0000
795.5478,0.0000,0.0000
795.9980,0.0000,0.0000
796.4482,0.0000,0.0000
796.8984,0.0000,0.0000
797.3487,0.0000,0.0000
797.7989,0.0000,0.0000
798.2491,0.0000,0.0000
798.6993,0.0000,0.0000
799.1496,0.0000,0.0000
799.5998,0.0000,0.0000
800.0500,0.0000,0.0000
800.5003,0.0000,0.0000
800.9505,0.0000,0.0000
801.4007,0.0000,0.0000
801.8509,0.0000,0.0000
802.3012,0.0000,0.0000
802.7514,0.0000,0.0000
803.2016,0.0000,0.0000
803.6518,0.0000,0.0000
804.1021,0.0000,0.0000
804.5523,0.0000,0.0000
805.0025,0.0000,0.0000
805.4527,0.0000,0.0000
805.9030,0.0000,0.0000
806.3532,0.0000,0.0000
806.8034,0.0000,0.0000
807.2536,0.0000,0.0000
807.7039,0.0000,0.0000
808.1541,0.0000,0.0000
808.6043,0.0000,0.0000
809.0545,0.0000,0.0000
809.5048,0.0000,0.0000
809.9550,0.0000,0.0000
810.4052,0.0000,0.0000
810.8554,0.0000,0.0000
811.3057,0.0000,0.0000
811.7559,0.0000,0.0000
812.2061,0.0000,0.0000
812.6563,0.0000,0.0000
813.1066,0.0000,0.0000
813.5568,0.0000,0.0000
814.0070,0.0000,0.0000
814.4572,0.0000,0.0000
814.9075,0.0000,0.0000
815.3577,0.0000,0.0000
815.8079,0.0000,0.0000
816.2581,0.0000,0.0000
816.7084,0.0000,0.0000
817.1586,0.0000,0.0000
817.6088,0.0000,0.0000
818.0590,0.0000,0.0000
818.5093,0.0000,0.0000
818.9595,0.0000,0.0000
819.4097,0.0000,0.0000
819.8599,0.0000,0.0000
820.3102,0.0000,0.0000
820.7604,0.0000,0.0000
821.2106,0.0000,0.0000
821.6608,0.0000,0.0000
822.1111,0.0000,0.0000
822.5613,0.0000,0.0000
823.0115,0.0000,0.0000
823.4617,0.0000,0.0000
823.9120,0.0000,0.0000
824.3622,0.0000,0.0000
824.8124,0.0000,0.0000
825.2626,0.0000,0.0000
825.7129,0.0000,0.0000
826.1631,0.0000,0.0000
826.6133,0.0000,0.0000
827.0635,0.0000,0.0000
827.5138,0.0000,0.0000
827.9640,0.0000,0.0000
828.4142,0.0000,0.0000
828.8644,0.0000,0.0000
829.3147,0.0000,0.0000
829.7649,0.0000,0.0000
830.2151,0.0000,0.0000
830.6653,0.0000,0.0000
831.1156,0.0000,0.0000
831.5658,0.0000,0.0000
832.0160,0.0000,0.0000
832.4662,0.0000,0.0000
832.9165,0.0000,0.0000
833.3667,0.0000,0.0000
833.8169,0.0000,0.0000
834.2671,0.0000,0.0000
834.7174,0.0000,0.0000
835.1676,0.0000,0.0000
835.6178,0.0000,0.0000
836.0680,0.0000,0.0000
836.5183,0.0000,0.0000
836.9685,0.0000,0.0000
837.4187,0.0000,0.0000
837.8689,0.0000,0.0000
838.3192,0.0000,0.0000
838.7694,0.0000,0.0000
839.2196,0.0000,0.0000
839.6698,0.0000,0.0000
840.1201,0.0000,0.0000
840.5703,0.0000,0.0000
841.0205,0.0000,0.0000
841.4707,0.0000,0.0000
841.9210,0.0000,0.0000
842.3712,0.0000,0.0000
842.8214,0.0000,0.0000
843.2716,0.0000,0.0000
843.7219,0.0000,0.0000
844.1721,0.0000,0.0000
844.6223,0.0000,0.0000
845.0725,0.0000,0.0000
845.5228,0.0000,0.0000
845.9730,0.0000,0.0000
846.4232,0.0000,0.0000
846.8734,0.0000,0.0000
847.3237,0.0000,0.0000
847.7739,0.0000,0.0000
848.2241,0.0000,0.0000
848.6743,0.0000,0.0000
849.1246,0.0000,0.0000
849.5748,0.0000,0.0000
850.0250,0.0000,0.0000
850.4752,0.0000,0.0000
850.9255,0.0000,0.0000
851.3757,0.0000,0.0000
851.8259,0.0000,0.0000
852.2761,0.0000,0.0000
852.7264,0.0000,0.0000
853.1766,0.0000,0.0000
853.6268,0.0000,0.0000
854.0770,0.0000,0.0000
854.5273,0.0000,0.0000
854.9775,0.0000,0.0000
855.4277,0.0000,0.0000
855.8779,0.0000,0.0000
856.3282,0.0000,0.0000
856.7784,0.0000,0.0000
857.2286,0.0000,0.0000
857.6788,0.0000,0.0000
858.1291,0.0000,0.0000
858.5793,0.0000,0.0000
859.0295,0.0000,0.0000
859.4797,0.0000,0.0000
859.9300,0.0000,0.0000
860.3802,0.0000,0.0000
860.8304,0.0000,0.0000
861.2806,0.0000,0.0000
861.7309,0.0000,0.0000
862.1811,0.0000,0.0000
862.6313,0.0000,0.0000
863.0815,0.0000,0.0000
863.5318,0.0000,0.0000
863.9820,0.0000,0.0000
864.4322,0.0000,0.0000
864.8824,0.0000,0.0000
865.3327,0.0000,0.0000
865.7829,0.0000,0.0000
866.2331,0.0000,0.0000
866.6833,0.0000,0.0000
867.1336,0.0000,0.0000
867.5838,0.0000,0.0000
868.0340,0.0000,0.0000
868.4842,0.0000,0.0000
868.9345,0.0000,0.0000
869.3847,0.0000,0.0000
869.8349,0.0000,0.0000
870.2851,0.0000,0.0000
870.7354,0.0000,0.0000
871.1856,0.0000,0.0000
871.6358,0.0000,0.0000
872.0860,0.0000,0.0000
872.5363,0.0000,0.0000
872.9865,0.0000,0.0000
873.4367,0.0000,0.0000
873.8869,0.0000,0.0000
874.3372,0.0000,0.0000
874.7874,0.0000,0.0000
875.2376,0.0000,0.0000
875.6878,0.0000,0.0000
876.1381,0.0000,0.0000
876.5883,0.0000,0.0000
877.0385,0.0000,0.0000
877.4887,0.0000,0.0000
877.9390,0.0000,0.0000
878.3892,0.0000,0.0000
878.8394,0.0000,0.0000
879.2896,0.0000,0.0000
879.7399,0.0000,0.0000
880.1901,0.0000,0.0000
880.6403,0.0000,0.0000
881.0905,0.0000,0.0000
881.5408,0.0000,0.0000
881.9910,0.0000,0.0000
882.4412,0.0000,0.0000
882.8914,0.0000,0.0000
883.3417,0.0000,0.0000
883.7919,0.0000,0.0000
884.2421,0.0000,0.0000
884.6923,0.0000,0.0000
885.1426,0.0000,0.0000
885.5928,0.0000,0.0000
886.0430,0.0000,0.0000
886.4932,0.0000,0.0000
886.9435,0.0000,0.0000
887.3937,0.0000,0.0000
887.8439,0.0000,0.0000
888.2941,0.0000,0.0000
888.7444,0.0000,0.0000
889.1946,0.0000,0.0000
889.6448,0.0000,0.0000
890.0950,0.0000,0.0000
890.5453,0.0000,0.0000
890.9955,0.0000,0.0000
891.4457,0.0000,0.0000
891.8959,0.0000,0.0000
892.3462,0.0000,0.0000
892.7964,0.0000,0.0000
893.2466,0.0000,0.0000
893.6968,0.0000,0.0000
894.1471,0.0000,0.0000
894.5973,0.0000,0.0000
895.0475,0.0000,0.0000
895.4977,0.0000,0.0000
895.9480,0.0000,0.0000
896.3982,0.0000,0.0000
896.8484,0.0000,0.0000
897.2986,0.0000,0.0000
897.7489,0.0000,0.0000
898.1991,0.0000,0.0000
898.6493,0.0000,0.0000
899.0995,0.0000,0.0000
899.5498,0.0000,0.0000
900.0000,0.0000,0.0000
