time_s,lumped_model_C,fea_scenarioA_max_C
0.0,22.000,22.643
1.0,22.006,22.643
2.0,22.047,22.643
3.0,22.118,22.643
4.0,22.190,22.643
5.0,22.261,22.643
6.0,22.332,22.643
7.0,22.403,22.643
8.0,22.474,22.643
9.0,22.545,22.643
10.0,22.616,22.714
11.0,22.687,22.786
12.0,22.758,22.857
13.0,22.829,22.929
14.0,22.899,23.000
15.0,22.970,23.072
16.0,23.041,23.143
17.0,23.111,23.215
18.0,23.182,23.286
19.0,23.252,23.357
20.0,23.322,23.429
21.0,23.393,23.500
22.0,23.463,23.572
23.0,23.533,23.643
24.0,23.603,23.714
25.0,23.673,23.786
26.0,23.743,23.857
27.0,23.813,23.928
28.0,23.883,24.000
29.0,23.953,24.071
30.0,24.022,24.143
31.0,24.092,24.214
32.0,24.162,24.285
33.0,24.231,24.357
34.0,24.301,24.428
35.0,24.370,24.500
36.0,24.440,24.571
37.0,24.509,24.642
38.0,24.578,24.714
39.0,24.648,24.785
40.0,24.717,24.856
41.0,24.786,24.928
42.0,24.855,24.999
43.0,24.924,25.070
44.0,24.993,25.142
45.0,25.062,25.213
46.0,25.131,25.284
47.0,25.199,25.356
48.0,25.268,25.427
49.0,25.337,25.498
50.0,25.405,25.570
51.0,25.474,25.641
52.0,25.542,25.712
53.0,25.611,25.784
54.0,25.679,25.855
55.0,25.747,25.926
56.0,25.816,25.997
57.0,25.884,26.069
58.0,25.952,26.140
59.0,26.020,26.211
60.0,26.088,26.282
61.0,26.156,26.353
62.0,26.224,26.424
63.0,26.292,26.495
64.0,26.359,26.567
65.0,26.427,26.638
66.0,26.495,26.709
67.0,26.562,26.780
68.0,26.630,26.851
69.0,26.697,26.922
70.0,26.765,26.994
71.0,26.832,27.065
72.0,26.900,27.136
73.0,26.967,27.207
74.0,27.034,27.278
75.0,27.101,27.349
76.0,27.168,27.419
77.0,27.235,27.490
78.0,27.302,27.561
79.0,27.369,27.632
80.0,27.436,27.703
81.0,27.503,27.773
82.0,27.570,27.844
83.0,27.636,27.915
84.0,27.703,27.986
85.0,27.770,28.057
86.0,27.836,28.128
87.0,27.903,28.199
88.0,27.969,28.269
89.0,28.036,28.340
90.0,28.102,28.411
91.0,28.168,28.482
92.0,28.234,28.552
93.0,28.300,28.623
94.0,28.367,28.693
95.0,28.433,28.764
96.0,28.499,28.834
97.0,28.564,28.905
98.0,28.630,28.975
99.0,28.696,29.046
100.0,28.762,29.117
101.0,28.828,29.187
102.0,28.893,29.258
103.0,28.959,29.328
104.0,29.024,29.399
105.0,29.090,29.469
106.0,29.155,29.540
107.0,29.221,29.610
108.0,29.286,29.681
109.0,29.351,29.751
110.0,29.416,29.821
111.0,29.482,29.891
112.0,29.547,29.961
113.0,29.612,30.031
114.0,29.677,30.101
115.0,29.742,30.171
116.0,29.807,30.241
117.0,29.871,30.312
118.0,29.936,30.382
119.0,30.001,30.452
120.0,30.065,30.522
121.0,30.130,30.592
122.0,30.195,30.662
123.0,30.259,30.732
124.0,30.324,30.802
125.0,30.388,30.872
126.0,30.452,30.942
127.0,30.517,31.012
128.0,30.581,31.081
129.0,30.645,31.151
130.0,30.709,31.220
131.0,30.773,31.290
132.0,30.837,31.359
133.0,30.901,31.428
134.0,30.965,31.498
135.0,31.029,31.567
136.0,31.093,31.637
137.0,31.156,31.706
138.0,31.220,31.776
139.0,31.284,31.845
140.0,31.347,31.915
141.0,31.411,31.984
142.0,31.474,32.054
143.0,31.538,32.123
144.0,31.601,32.193
145.0,31.664,32.262
146.0,31.728,32.331
147.0,31.791,32.399
148.0,31.854,32.468
149.0,31.917,32.537
150.0,31.980,32.606
151.0,32.043,32.675
152.0,32.106,32.744
153.0,32.169,32.812
154.0,32.232,32.881
155.0,32.294,32.950
156.0,32.357,33.019
157.0,32.420,33.088
158.0,32.482,33.157
159.0,32.545,33.226
160.0,32.608,33.294
161.0,32.670,33.363
162.0,32.732,33.432
163.0,32.795,33.500
164.0,32.857,33.568
165.0,32.919,33.637
166.0,32.982,33.705
167.0,33.044,33.773
168.0,33.106,33.841
169.0,33.168,33.910
170.0,33.230,33.978
171.0,33.292,34.046
172.0,33.354,34.114
173.0,33.415,34.182
174.0,33.477,34.251
175.0,33.539,34.319
176.0,33.601,34.387
177.0,33.662,34.455
178.0,33.724,34.524
179.0,33.785,34.592
180.0,33.847,34.660
181.0,33.908,34.727
182.0,33.970,34.795
183.0,34.031,34.862
184.0,34.092,34.930
185.0,34.153,34.997
186.0,34.215,35.065
187.0,34.276,35.132
188.0,34.337,35.200
189.0,34.398,35.267
190.0,34.459,35.334
191.0,34.520,35.402
192.0,34.580,35.469
193.0,34.641,35.537
194.0,34.702,35.604
195.0,34.763,35.672
196.0,34.823,35.739
197.0,34.884,35.807
198.0,34.944,35.874
199.0,35.005,35.941
200.0,35.065,36.007
201.0,35.126,36.074
202.0,35.186,36.141
203.0,35.246,36.208
204.0,35.307,36.274
205.0,35.367,36.341
206.0,35.427,36.408
207.0,35.487,36.475
208.0,35.547,36.541
209.0,35.607,36.608
210.0,35.667,36.675
211.0,35.727,36.741
212.0,35.787,36.808
213.0,35.846,36.875
214.0,35.906,36.942
215.0,35.966,37.008
216.0,36.025,37.075
217.0,36.085,37.141
218.0,36.145,37.207
219.0,36.204,37.273
220.0,36.263,37.339
221.0,36.323,37.405
222.0,36.382,37.471
223.0,36.441,37.537
224.0,36.501,37.603
225.0,36.560,37.669
226.0,36.619,37.735
227.0,36.678,37.801
228.0,36.737,37.867
229.0,36.796,37.933
230.0,36.855,37.999
231.0,36.914,38.065
232.0,36.973,38.131
233.0,37.032,38.197
234.0,37.090,38.263
235.0,37.149,38.328
236.0,37.208,38.393
237.0,37.266,38.459
238.0,37.325,38.524
239.0,37.383,38.589
240.0,37.442,38.654
241.0,37.500,38.720
242.0,37.558,38.785
243.0,37.617,38.850
244.0,37.675,38.915
245.0,37.733,38.980
246.0,37.791,39.046
247.0,37.849,39.111
248.0,37.907,39.176
249.0,37.965,39.241
250.0,38.023,39.307
251.0,38.081,39.372
252.0,38.139,39.437
253.0,38.197,39.501
254.0,38.255,39.566
255.0,38.312,39.630
256.0,38.370,39.695
257.0,38.428,39.759
258.0,38.485,39.823
259.0,38.543,39.888
260.0,38.600,39.952
261.0,38.657,40.016
262.0,38.715,40.081
263.0,38.772,40.145
264.0,38.829,40.210
265.0,38.887,40.274
266.0,38.944,40.338
267.0,39.001,40.403
268.0,39.058,40.467
269.0,39.115,40.532
270.0,39.172,40.596
271.0,39.229,40.660
272.0,39.286,40.723
273.0,39.343,40.787
274.0,39.399,40.851
275.0,39.456,40.915
276.0,39.513,40.978
277.0,39.569,41.042
278.0,39.626,41.106
279.0,39.683,41.169
280.0,39.739,41.233
281.0,39.796,41.297
282.0,39.852,41.361
283.0,39.908,41.424
284.0,39.965,41.488
285.0,40.021,41.552
286.0,40.077,41.616
287.0,40.133,41.679
288.0,40.189,41.743
289.0,40.245,41.806
290.0,40.301,41.869
291.0,40.357,41.932
292.0,40.413,41.995
293.0,40.469,42.057
294.0,40.525,42.120
295.0,40.581,42.183
296.0,40.637,42.246
297.0,40.692,42.309
298.0,40.748,42.372
299.0,40.804,42.435
300.0,40.859,42.498
301.0,40.915,42.561
302.0,40.970,42.623
303.0,41.026,42.686
304.0,41.081,42.749
305.0,41.136,42.812
306.0,41.191,42.875
307.0,41.247,42.937
308.0,41.302,42.999
309.0,41.357,43.062
310.0,41.412,43.124
311.0,41.467,43.186
312.0,41.522,43.248
313.0,41.577,43.310
314.0,41.632,43.372
315.0,41.687,43.434
316.0,41.742,43.497
317.0,41.796,43.559
318.0,41.851,43.621
319.0,41.906,43.683
320.0,41.960,43.745
321.0,42.015,43.807
322.0,42.070,43.870
323.0,42.124,43.932
324.0,42.178,43.994
325.0,42.233,44.056
326.0,42.287,44.117
327.0,42.342,44.178
328.0,42.396,44.240
329.0,42.450,44.301
330.0,42.504,44.363
331.0,42.558,44.425
332.0,42.612,44.486
333.0,42.666,44.547
334.0,42.720,44.609
335.0,42.774,44.670
336.0,42.828,44.732
337.0,42.882,44.794
338.0,42.936,44.855
339.0,42.990,44.916
340.0,43.043,44.978
341.0,43.097,45.039
342.0,43.151,45.101
343.0,43.204,45.162
344.0,43.258,45.222
345.0,43.311,45.283
346.0,43.365,45.344
347.0,43.418,45.405
348.0,43.471,45.465
349.0,43.525,45.526
350.0,43.578,45.587
351.0,43.631,45.648
352.0,43.684,45.708
353.0,43.737,45.769
354.0,43.791,45.830
355.0,43.844,45.890
356.0,43.897,45.951
357.0,43.950,46.012
358.0,44.002,46.073
359.0,44.055,46.133
360.0,44.108,46.194
361.0,44.161,46.254
362.0,44.214,46.314
363.0,44.266,46.374
364.0,44.319,46.434
365.0,44.372,46.495
366.0,44.424,46.555
367.0,44.477,46.615
368.0,44.529,46.675
369.0,44.581,46.735
370.0,44.634,46.795
371.0,44.686,46.855
372.0,44.738,46.915
373.0,44.791,46.975
374.0,44.843,47.036
375.0,44.895,47.096
376.0,44.947,47.156
377.0,44.999,47.216
378.0,45.051,47.276
379.0,45.103,47.335
380.0,45.155,47.395
381.0,45.207,47.454
382.0,45.259,47.514
383.0,45.311,47.573
384.0,45.362,47.632
385.0,45.414,47.692
386.0,45.466,47.751
387.0,45.517,47.811
388.0,45.569,47.870
389.0,45.621,47.929
390.0,45.672,47.989
391.0,45.723,48.048
392.0,45.775,48.107
393.0,45.826,48.167
394.0,45.878,48.226
395.0,45.929,48.286
396.0,45.980,48.345
397.0,46.031,48.404
398.0,46.082,48.463
399.0,46.134,48.521
400.0,46.185,48.580
401.0,46.236,48.639
402.0,46.287,48.698
403.0,46.337,48.756
404.0,46.388,48.815
405.0,46.439,48.874
406.0,46.490,48.933
407.0,46.541,48.992
408.0,46.592,49.050
409.0,46.642,49.109
410.0,46.693,49.168
411.0,46.743,49.227
412.0,46.794,49.285
413.0,46.844,49.344
414.0,46.895,49.403
415.0,46.945,49.461
416.0,46.996,49.519
417.0,47.046,49.577
418.0,47.096,49.635
419.0,47.147,49.694
420.0,47.197,49.752
421.0,47.247,49.810
422.0,47.297,49.868
423.0,47.347,49.926
424.0,47.397,49.984
425.0,47.447,50.042
426.0,47.497,50.100
427.0,47.547,50.158
428.0,47.597,50.217
429.0,47.647,50.275
430.0,47.697,50.333
431.0,47.746,50.391
432.0,47.796,50.449
433.0,47.846,50.506
434.0,47.895,50.564
435.0,47.945,50.621
436.0,47.994,50.679
437.0,48.044,50.736
438.0,48.093,50.794
439.0,48.143,50.852
440.0,48.192,50.909
441.0,48.242,50.966
442.0,48.291,51.024
443.0,48.340,51.081
444.0,48.389,51.139
445.0,48.438,51.197
446.0,48.488,51.254
447.0,48.537,51.312
448.0,48.586,51.369
449.0,48.635,51.427
450.0,48.684,51.484
451.0,48.732,51.541
452.0,48.781,51.598
453.0,48.830,51.655
454.0,48.879,51.712
455.0,48.928,51.768
456.0,48.976,51.825
457.0,49.025,51.882
458.0,49.074,51.939
459.0,49.122,51.996
460.0,49.171,52.053
461.0,49.219,52.110
462.0,49.268,52.167
463.0,49.316,52.224
464.0,49.365,52.280
465.0,49.413,52.337
466.0,49.461,52.394
467.0,49.510,52.451
468.0,49.558,52.508
469.0,49.606,52.564
470.0,49.654,52.621
471.0,49.702,52.677
472.0,49.750,52.733
473.0,49.798,52.789
474.0,49.846,52.846
475.0,49.894,52.902
476.0,49.942,52.958
477.0,49.990,53.014
478.0,50.038,53.071
479.0,50.085,53.127
480.0,50.133,53.183
481.0,50.181,53.240
482.0,50.229,53.296
483.0,50.276,53.352
484.0,50.324,53.408
485.0,50.371,53.465
486.0,50.419,53.521
487.0,50.466,53.577
488.0,50.514,53.633
489.0,50.561,53.688
490.0,50.608,53.744
491.0,50.656,53.800
492.0,50.703,53.856
493.0,50.750,53.911
494.0,50.797,53.967
495.0,50.844,54.023
496.0,50.891,54.079
497.0,50.939,54.135
498.0,50.986,54.190
499.0,51.033,54.246
500.0,51.079,54.302
501.0,51.126,54.358
502.0,51.173,54.413
503.0,51.220,54.469
504.0,51.267,54.525
505.0,51.314,54.580
506.0,51.360,54.635
507.0,51.407,54.690
508.0,51.454,54.745
509.0,51.500,54.801
510.0,51.547,54.856
511.0,51.593,54.911
512.0,51.640,54.966
513.0,51.686,55.021
514.0,51.732,55.076
515.0,51.779,55.131
516.0,51.825,55.186
517.0,51.871,55.241
518.0,51.918,55.297
519.0,51.964,55.352
520.0,52.010,55.407
521.0,52.056,55.462
522.0,52.102,55.517
523.0,52.148,55.572
524.0,52.194,55.626
525.0,52.240,55.681
526.0,52.286,55.736
527.0,52.332,55.790
528.0,52.378,55.845
529.0,52.423,55.900
530.0,52.469,55.954
531.0,52.515,56.009
532.0,52.561,56.064
533.0,52.606,56.118
534.0,52.652,56.173
535.0,52.697,56.228
536.0,52.743,56.282
537.0,52.789,56.337
538.0,52.834,56.392
539.0,52.879,56.446
540.0,52.925,56.501
541.0,52.970,56.555
542.0,53.015,56.609
543.0,53.061,56.663
544.0,53.106,56.717
545.0,53.151,56.771
546.0,53.196,56.825
547.0,53.241,56.879
548.0,53.286,56.933
549.0,53.331,56.987
550.0,53.376,57.042
551.0,53.421,57.096
552.0,53.466,57.150
553.0,53.511,57.204
554.0,53.556,57.258
555.0,53.601,57.312
556.0,53.646,57.366
557.0,53.690,57.420
558.0,53.735,57.474
559.0,53.780,57.528
560.0,53.824,57.581
561.0,53.869,57.635
562.0,53.913,57.688
563.0,53.958,57.742
564.0,54.002,57.795
565.0,54.047,57.849
566.0,54.091,57.902
567.0,54.136,57.956
568.0,54.180,58.010
569.0,54.224,58.063
570.0,54.268,58.117
571.0,54.313,58.170
572.0,54.357,58.224
573.0,54.401,58.277
574.0,54.445,58.331
575.0,54.489,58.384
576.0,54.533,58.438
577.0,54.577,58.491
578.0,54.621,58.544
579.0,54.665,58.597
580.0,54.709,58.650
581.0,54.753,58.703
582.0,54.797,58.756
583.0,54.840,58.809
584.0,54.884,58.862
585.0,54.928,58.916
586.0,54.971,58.969
587.0,55.015,59.022
588.0,55.059,59.075
589.0,55.102,59.128
590.0,55.146,59.181
591.0,55.189,59.234
592.0,55.232,59.287
593.0,55.276,59.340
594.0,55.319,59.393
595.0,55.363,59.374
596.0,55.406,59.355
597.0,55.449,59.336
598.0,55.492,59.317
599.0,55.535,59.299
600.0,55.579,59.280
601.0,55.622,59.261
602.0,55.664,59.242
603.0,55.678,59.223
604.0,55.655,59.204
605.0,55.627,59.185
606.0,55.598,59.166
607.0,55.570,59.147
608.0,55.542,59.129
609.0,55.514,59.110
610.0,55.485,59.091
611.0,55.457,59.072
612.0,55.429,59.053
613.0,55.401,59.034
614.0,55.373,59.014
615.0,55.344,58.995
616.0,55.316,58.976
617.0,55.288,58.956
618.0,55.260,58.937
619.0,55.232,58.918
620.0,55.204,58.898
621.0,55.176,58.879
622.0,55.148,58.860
623.0,55.120,58.840
624.0,55.092,58.821
625.0,55.065,58.802
626.0,55.037,58.782
627.0,55.009,58.763
628.0,54.981,58.744
629.0,54.953,58.724
630.0,54.925,58.705
631.0,54.898,58.685
632.0,54.870,58.666
633.0,54.842,58.646
634.0,54.815,58.626
635.0,54.787,58.606
636.0,54.759,58.587
637.0,54.732,58.567
638.0,54.704,58.547
639.0,54.677,58.528
640.0,54.649,58.508
641.0,54.622,58.488
642.0,54.594,58.468
643.0,54.567,58.449
644.0,54.539,58.429
645.0,54.512,58.409
646.0,54.484,58.389
647.0,54.457,58.370
648.0,54.430,58.350
649.0,54.402,58.330
650.0,54.375,58.310
651.0,54.348,58.290
652.0,54.320,58.270
653.0,54.293,58.250
654.0,54.266,58.230
655.0,54.239,58.210
656.0,54.212,58.190
657.0,54.184,58.170
658.0,54.157,58.150
659.0,54.130,58.130
660.0,54.103,58.110
661.0,54.076,58.090
662.0,54.049,58.070
663.0,54.022,58.050
664.0,53.995,58.030
665.0,53.968,58.010
666.0,53.941,57.990
667.0,53.914,57.970
668.0,53.887,57.950
669.0,53.861,57.930
670.0,53.834,57.909
671.0,53.807,57.889
672.0,53.780,57.869
673.0,53.753,57.849
674.0,53.727,57.829
675.0,53.700,57.809
676.0,53.673,57.788
677.0,53.646,57.768
678.0,53.620,57.748
679.0,53.593,57.728
680.0,53.566,57.708
681.0,53.540,57.688
682.0,53.513,57.667
683.0,53.487,57.647
684.0,53.460,57.627
685.0,53.434,57.607
686.0,53.407,57.586
687.0,53.381,57.566
688.0,53.354,57.546
689.0,53.328,57.526
690.0,53.301,57.505
691.0,53.275,57.485
692.0,53.249,57.465
693.0,53.222,57.445
694.0,53.196,57.424
695.0,53.170,57.404
696.0,53.144,57.384
697.0,53.117,57.363
698.0,53.091,57.343
699.0,53.065,57.323
700.0,53.039,57.303
701.0,53.013,57.282
702.0,52.986,57.262
703.0,52.960,57.242
704.0,52.934,57.221
705.0,52.908,57.201
706.0,52.882,57.181
707.0,52.856,57.161
708.0,52.830,57.140
709.0,52.804,57.120
710.0,52.778,57.100
711.0,52.752,57.079
712.0,52.726,57.059
713.0,52.700,57.039
714.0,52.675,57.019
715.0,52.649,56.998
716.0,52.623,56.978
717.0,52.597,56.958
718.0,52.571,56.938
719.0,52.546,56.917
720.0,52.520,56.897
721.0,52.494,56.877
722.0,52.468,56.857
723.0,52.443,56.837
724.0,52.417,56.816
725.0,52.391,56.796
726.0,52.366,56.776
727.0,52.340,56.756
728.0,52.315,56.736
729.0,52.289,56.715
730.0,52.264,56.695
731.0,52.238,56.675
732.0,52.213,56.655
733.0,52.187,56.635
734.0,52.162,56.615
735.0,52.136,56.594
736.0,52.111,56.574
737.0,52.086,56.554
738.0,52.060,56.534
739.0,52.035,56.514
740.0,52.010,56.494
741.0,51.984,56.474
742.0,51.959,56.454
743.0,51.934,56.434
744.0,51.909,56.414
745.0,51.883,56.394
746.0,51.858,56.374
747.0,51.833,56.355
748.0,51.808,56.335
749.0,51.783,56.315
750.0,51.758,56.295
751.0,51.733,56.275
752.0,51.708,56.255
753.0,51.682,56.235
754.0,51.657,56.215
755.0,51.632,56.195
756.0,51.608,56.175
757.0,51.583,56.155
758.0,51.558,56.136
759.0,51.533,56.116
760.0,51.508,56.096
761.0,51.483,56.077
762.0,51.458,56.057
763.0,51.433,56.037
764.0,51.409,56.018
765.0,51.384,55.998
766.0,51.359,55.978
767.0,51.334,55.959
768.0,51.310,55.939
769.0,51.285,55.919
770.0,51.260,55.900
771.0,51.235,55.880
772.0,51.211,55.860
773.0,51.186,55.841
774.0,51.162,55.821
775.0,51.137,55.802
776.0,51.113,55.782
777.0,51.088,55.763
778.0,51.063,55.743
779.0,51.039,55.724
780.0,51.015,55.704
781.0,50.990,55.685
782.0,50.966,55.665
783.0,50.941,55.646
784.0,50.917,55.627
785.0,50.892,55.607
786.0,50.868,55.588
787.0,50.844,55.568
788.0,50.820,55.549
789.0,50.795,55.529
790.0,50.771,55.510
791.0,50.747,55.490
792.0,50.722,55.471
793.0,50.698,55.452
794.0,50.674,55.433
795.0,50.650,55.414
796.0,50.626,55.395
797.0,50.602,55.376
798.0,50.578,55.357
799.0,50.553,55.338
800.0,50.529,55.319
801.0,50.505,55.299
802.0,50.481,55.280
803.0,50.457,55.261
804.0,50.433,55.242
805.0,50.409,55.223
806.0,50.386,55.204
807.0,50.362,55.185
808.0,50.338,55.166
809.0,50.314,55.147
810.0,50.290,55.128
811.0,50.266,55.109
812.0,50.242,55.091
813.0,50.218,55.072
814.0,50.195,55.053
815.0,50.171,55.034
816.0,50.147,55.016
817.0,50.124,54.997
818.0,50.100,54.978
819.0,50.076,54.959
820.0,50.052,54.941
821.0,50.029,54.922
822.0,50.005,54.903
823.0,49.982,54.885
824.0,49.958,54.866
825.0,49.934,54.847
826.0,49.911,54.828
827.0,49.887,54.810
828.0,49.864,54.791
829.0,49.840,54.773
830.0,49.817,54.754
831.0,49.794,54.736
832.0,49.770,54.718
833.0,49.747,54.699
834.0,49.723,54.681
835.0,49.700,54.663
836.0,49.677,54.644
837.0,49.653,54.626
838.0,49.630,54.608
839.0,49.607,54.589
840.0,49.583,54.571
841.0,49.560,54.553
842.0,49.537,54.534
843.0,49.514,54.516
844.0,49.491,54.498
845.0,49.467,54.479
846.0,49.444,54.461
847.0,49.421,54.443
848.0,49.398,54.425
849.0,49.375,54.407
850.0,49.352,54.389
851.0,49.329,54.371
852.0,49.306,54.353
853.0,49.283,54.335
854.0,49.260,54.317
855.0,49.237,54.299
856.0,49.214,54.282
857.0,49.191,54.264
858.0,49.168,54.246
859.0,49.145,54.228
860.0,49.122,54.210
861.0,49.099,54.192
862.0,49.077,54.174
863.0,49.054,54.156
864.0,49.031,54.138
865.0,49.008,54.120
866.0,48.985,54.103
867.0,48.963,54.085
868.0,48.940,54.068
869.0,48.917,54.050
870.0,48.895,54.032
871.0,48.872,54.015
872.0,48.849,53.997
873.0,48.827,53.980
874.0,48.804,53.962
875.0,48.782,53.944
876.0,48.759,53.927
877.0,48.736,53.909
878.0,48.714,53.891
879.0,48.691,53.874
880.0,48.669,53.856
881.0,48.646,53.839
882.0,48.624,53.821
883.0,48.602,53.804
884.0,48.579,53.787
885.0,48.557,53.769
886.0,48.534,53.752
887.0,48.512,53.735
888.0,48.490,53.718
889.0,48.467,53.700
890.0,48.445,53.683
891.0,48.423,53.666
892.0,48.400,53.649
893.0,48.378,53.632
894.0,48.356,53.614
895.0,48.334,53.597
896.0,48.312,53.580
897.0,48.289,53.563
898.0,48.267,53.545
899.0,48.245,53.528
900.0,48.223,53.511
